Router,Epoch→Collector(ms),Collector→Process(ms),Process→ML(ms),Total(ms)
R1,74.24851037837841,57.37846648251569,6.251613299051921,137.87859015994601
R2,68.50809092615165,56.489973091611674,6.759152692906997,131.75721671067032
R3,64.59615299395064,59.74040945058107,5.229409285417692,129.56597172994938
R4,65.16234929851025,58.69072916879819,5.05309366766428,128.9061721349727
GLOBAL,66.87646610355146,58.176083422819644,5.771266196105908,130.82381572247704
