Router,Epoch→Collector(ms),Collector→Process(ms),Process→ML(ms),Total(ms)
R1,69.0908208489418,139.41562501713634,63.521146308630705,272.02759217470884
R4,72.89523789376923,112.21769361784963,82.48640777486743,267.5993392864863
GLOBAL,71.0222941178542,125.6074444605754,73.14966366841243,269.779402246842
